﻿表面,父馬名,騎手,件数,複勝率,父馬他騎手複勝率,騎手他父馬複勝率,父馬比差pt,騎手比差pt,父馬比z,騎手比z,判定
ダート,アイルハヴアナザー,秋山真一,30,40.0,18.56573705179283,18.36327345309381,21.434262948207174,21.63672654690619,2.9535402689120067,2.9005990474029417,◎
ダート,アジアエクスプレス,和田竜二,37,8.108108108108109,22.005988023952096,22.3982869379015,-13.897879915843989,-14.29017882979339,-2.0303730242916775,-2.0760154920731595,×
ダート,アジアエクスプレス,田辺裕信,54,44.44444444444444,21.137393054856567,29.3836026331538,23.307051389587873,15.060841811290643,4.096007153454426,2.3803049617666074,◎
ダート,アポロキングダム,丸山元気,31,6.451612903225806,21.601941747572813,22.00956937799043,-15.150328844347008,-15.557956474764625,-2.01354504491962,-2.0800100095562533,×
ダート,アポロキングダム,吉田豊,38,36.84210526315789,19.012345679012345,18.14569536423841,17.829759584145545,18.696409898919484,2.6012053126483075,2.9251116977742075,◎
ダート,エスポワールシチー,藤岡康太,30,50.0,22.70773638968481,26.410658307210035,27.29226361031519,23.589341692789965,3.4996527484144546,2.8782456378742394,◎
ダート,エピファネイア,富田暁,30,33.33333333333333,18.62630966239814,18.53281853281853,14.707023670935193,14.800514800514799,2.0406692828225372,2.054527356845759,◎
ダート,オルフェーヴル,丸田恭介,31,38.70967741935484,21.48246782068353,11.687363038714391,17.227209598671305,27.022314380640445,2.3104673449211077,4.5321651218602375,◎
ダート,オルフェーヴル,吉田隼人,31,45.16129032258064,21.39369729249889,28.72777017783858,23.767593030081756,16.433520144742065,3.1876461041963418,1.9939864088197092,◎
ダート,カリフォルニアクローム,田口貫太,31,35.483870967741936,20.62111801242236,20.25405786873677,14.862752955319577,15.229813099005169,1.9877046077473774,2.0748541531542037,◎
ダート,カレンブラックヒル,菅原明良,53,41.509433962264154,21.114369501466275,24.550898203592812,20.395064460797876,16.95853575867134,3.5237125239803406,2.822168703528947,◎
ダート,キズナ,坂井瑠星,129,50.3875968992248,27.63474081702712,34.72762645914397,22.752856082197688,15.659970440080839,5.596172401534487,3.602149055014465,◎
ダート,キズナ,藤岡佑介,62,51.61290322580645,28.120805369127517,30.208333333333332,23.492097856678935,21.40456989247312,4.051500026770594,3.5294251078484224,◎
ダート,キズナ,鮫島克駿,111,42.34234234234234,28.0791538723985,26.86991869918699,14.263188469943843,15.472423643155352,3.2641949428037216,3.569565644678448,◎
ダート,キタサンブラック,坂井瑠星,31,54.83870967741935,26.26788036410923,35.37604456824512,28.57082931331012,19.462665109174225,3.49785444477458,2.246313347876443,◎
ダート,キングカメハメハ,吉田隼人,42,54.761904761904766,26.368159203980102,28.32529290144728,28.393745557924667,26.436611860457486,4.087386916923753,3.7196425346279676,◎
ダート,キングカメハメハ,横山典弘,37,59.45945945945946,26.348419094854307,32.61851015801354,33.11104036460515,26.84094930144592,4.4807041484855334,3.3842352103277977,◎
ダート,キンシャサノキセキ,武豊,42,59.523809523809526,22.445187662578967,40.45454545454545,37.07862186123055,19.06926406926407,5.664697242706878,2.4794835823726604,◎
ダート,キンシャサノキセキ,Ｍ．デム,45,51.11111111111111,22.544642857142858,29.166666666666668,28.566468253968246,21.94444444444444,4.514909664079896,3.1565283087320606,◎
ダート,シニスターミニスター,幸英明,101,37.62376237623762,27.89017341040462,23.46182357301705,9.733588965833,14.161938803220576,2.143665355678901,3.273096052054144,◎
ダート,シニスターミニスター,水口優也,59,40.67796610169492,27.955454026270704,15.89648798521257,12.722512075424214,24.781478116482347,2.154478669525949,4.6712497511511755,◎
ダート,シニスターミニスター,石橋脩,38,47.368421052631575,27.959125745103602,24.313186813186814,19.409295307527973,23.055234239444765,2.645715477220978,3.2445123014731747,◎
ダート,ジャスタウェイ,田辺裕信,47,46.808510638297875,20.94017094017094,29.38021454112038,25.86833969812693,17.428296097177494,4.269085323645248,2.5751236473113903,◎
ダート,ダイワメジャー,浜中俊,31,45.16129032258064,18.195413758723827,27.151639344262296,26.965876563856817,18.009650978318348,3.8286397136916195,2.2057586760350527,◎
ダート,ダンカーク,幸英明,45,40.0,16.902457185405808,23.710965867828612,23.097542814594192,16.28903413217139,3.9975934026931177,2.5388552192920906,◎
ダート,ダンカーク,藤岡康太,33,42.42424242424242,17.047970479704798,26.551453260015712,25.37627194453763,15.872789164226713,3.777835236267338,2.028852566874734,◎
ダート,ドゥラメンテ,岩田望来,72,44.44444444444444,25.528700906344408,31.426362582141476,18.91574353810003,13.018081862302965,3.5861520813207335,2.3400418989464495,◎
ダート,ドレフォン,ルメール,69,66.66666666666666,27.093023255813954,50.57034220532319,39.57364341085271,16.09632446134347,7.259153616077356,2.6183190540092913,◎
ダート,ドレフォン,岩田望来,64,51.5625,27.431059506531202,31.290944123314063,24.131440493468798,20.271555876685937,4.266227703505095,3.4407880698536655,◎
ダート,ドレフォン,藤岡康太,40,45.0,27.67368117613145,26.38230647709321,17.326318823868554,18.61769352290679,2.430046764515811,2.6127556449818385,◎
ダート,ドレフォン,鮫島克駿,111,43.24324324324324,27.369040612124778,26.82926829268293,15.874202631118466,16.413974950560316,3.6706356688605117,3.7867862480647596,◎
ダート,ハーツクライ,西村淳也,53,41.509433962264154,24.20837589376915,26.629422718808193,17.301058068495003,14.880011243455959,2.883206994984957,2.410833363779062,◎
ダート,ハーツクライ,角田大和,33,42.42424242424242,24.3680485338726,19.9137311286844,18.056193890369826,22.510511295558025,2.3864657388443486,3.169563373719594,◎
ダート,パイロ,岩田望来,80,45.0,25.195968645016798,31.36874757658007,19.804031354983202,13.631252423419932,3.9908097932530127,2.5788055578163895,◎
ダート,パイロ,戸崎圭太,39,53.84615384615385,25.36764705882353,38.083657587548636,28.478506787330314,15.762496258605207,4.037476833898499,2.005255532883794,◎
ダート,パイロ,松山弘平,76,51.31578947368421,25.046589638464408,38.26378539493294,26.26919983521981,13.052004078751278,5.163450886770363,2.3045943265908915,◎
ダート,ヘニーヒューズ,坂井瑠星,74,47.2972972972973,27.22501640061229,35.24396020843202,20.072280896685008,12.053337088865273,3.8341842578221996,2.127803948166821,◎
ダート,ヘニーヒューズ,岩田望来,93,46.236559139784944,27.16293368467281,31.254871395167577,19.07362545511213,14.981687744617368,4.075970488231384,3.0481947741235733,◎
ダート,ヘニーヒューズ,石橋脩,105,40.0,27.256715103478648,23.758099352051836,12.743284896521356,16.241900647948164,2.8897441968567468,3.7109920358890416,◎
ダート,ヘニーヒューズ,藤岡康太,43,46.51162790697674,27.367506516072982,26.286619160728424,19.144121390903763,20.225008746248317,2.7970299576754805,2.9393458594852206,◎
ダート,ヘニーヒューズ,西村淳也,63,14.285714285714285,27.726876090750434,27.362020579981287,-13.44116180503615,-13.076306294267004,-2.371860713040378,-2.304454142700916,×
ダート,ヘニーヒューズ,Ｍ．デム,57,42.10526315789473,27.363834422657952,29.372937293729372,14.741428735236784,12.732325864165361,2.4759572456025136,2.051089518038274,◎
ダート,ホッコータルマエ,岩田望来,43,51.162790697674424,22.902654867256636,31.460244648318042,28.260135830417788,19.70254604935638,4.348921802427941,2.7522483603788017,◎
ダート,ホッコータルマエ,松山弘平,37,59.45945945945946,22.85411515365595,38.34006610356225,36.60534430580351,21.119393355897216,5.230933425756295,2.620748570259341,◎
ダート,ホッコータルマエ,横山武史,43,53.48837209302325,22.867256637168143,35.10022271714922,30.621115455855108,18.38814937587403,4.712250408835446,2.4969380003562534,◎
ダート,ホッコータルマエ,鮫島良太,32,40.625,23.1311706629055,14.40501043841336,17.4938293370945,26.219989561586644,2.3268955430241274,3.9124620508250576,◎
ダート,マインドユアビスケッツ,横山武史,41,53.65853658536586,20.323488045007032,35.11348464619493,33.33504854035883,18.545051939170932,5.1434976697695145,2.460077867825778,◎
ダート,マクフィ,藤岡佑介,33,51.515151515151516,19.093655589123866,30.783410138248847,32.421495926027646,20.73174137690267,4.634292858998818,2.5280012426472425,◎
ダート,マジェスティックウォリアー,丹内祐次,39,48.717948717948715,22.000699545295557,23.126771972458485,26.71724917265316,25.59117674549023,3.977420891957024,3.7384929293599485,◎
ダート,マジェスティックウォリアー,団野大成,67,40.298507462686565,21.935711762628046,25.086805555555557,18.36279570005852,15.211701907131008,3.565468196906335,2.8154588554552493,◎
ダート,マジェスティックウォリアー,幸英明,84,39.285714285714285,21.85501066098081,23.499079189686924,17.430703624733475,15.78663509602736,3.7782182091325653,3.3378630029308534,◎
ダート,ラニ,和田竜二,35,37.142857142857146,21.960072595281307,21.951219512195124,15.182784547575837,15.191637630662022,2.0739030113460104,2.1474180183724862,◎
ダート,リアルスティール,坂井瑠星,35,57.14285714285714,24.66403162055336,35.30232558139535,32.47882552230378,21.84053156146179,4.346548768181012,2.6759672116303177,◎
ダート,リオンディーズ,松山弘平,47,53.191489361702125,21.410451547437848,38.37080722447475,31.78103781426428,14.820682137227376,5.185361550037367,2.069003638921861,◎
ダート,ルヴァンスレーヴ,菅原明良,34,50.0,30.362116991643457,24.56512515910055,19.637883008356543,25.434874840899447,2.4384963215200046,3.403950895379475,◎
ダート,ロージズインメイ,丹内祐次,84,34.523809523809526,16.911764705882355,23.143564356435643,17.61204481792717,11.380245167373879,3.95371660050862,2.4175253006231467,◎
ダート,ロードカナロア,ルメール,83,62.65060240963856,23.437898495281818,50.63938618925832,39.21270391435674,12.011216220380238,8.248319437296443,2.1333504765625624,◎
ダート,ロードカナロア,今村聖奈,31,6.451612903225806,24.38963000251699,21.013727560718056,-17.938017099291184,-14.56211465749225,-2.3212171862155224,-1.9744274119905907,×
ダート,ロードカナロア,吉村誠之,33,6.0606060606060606,24.401913875598087,20.869565217391305,-18.341307814992025,-14.808959156785242,-2.4481522742690487,-2.0777801687735336,×
芝,アドマイヤムーン,松岡正海,32,34.375,16.802168021680217,18.71345029239766,17.572831978319783,15.66154970760234,2.5911577502328846,2.215619405647232,◎
芝,イスラボニータ,幸英明,45,37.77777777777778,24.76310802274163,19.95022812111157,13.014669755036145,17.827549656666207,1.9849225252972778,2.947064784971345,◎
芝,ウインブライト,丹内祐次,43,41.86046511627907,20.710059171597635,26.432593574031138,21.150405944681438,15.427871542247933,3.195742411096882,2.27208427655979,◎
芝,エピファネイア,亀田温心,33,3.0303030303030303,27.696381288614297,16.901408450704224,-24.666078258311266,-13.871105420401195,-3.162267349942484,-2.1168802309203385,×
芝,エピファネイア,吉田隼人,75,17.333333333333336,27.68984527832118,27.67718572167615,-10.356511944987846,-10.343852388342818,-1.994204701499945,-1.9730769367086178,×
芝,エピファネイア,福永祐一,64,65.625,27.121050763223288,45.68006843455945,38.50394923677671,19.944931565440548,6.855596310058675,3.1139913717273764,◎
芝,キズナ,ルメール,110,70.9090909090909,28.661567877629064,56.92929292929293,42.247523031461846,13.979797979797981,9.612494649828458,2.902407977896781,◎
芝,キズナ,和田竜二,95,40.0,29.342230695900856,22.59313014029995,10.657769304099146,17.40686985970005,2.256776427922491,3.9207903886067066,◎
芝,キズナ,小牧加矢,64,60.9375,29.15087187263078,34.46808510638298,31.78662812736922,26.46941489361702,5.540826027168221,3.8298936555508116,◎
芝,キズナ,池添謙一,125,41.6,29.242569511025884,27.905491698595146,12.357430488974114,13.69450830140485,2.9929400085645077,3.249843663549259,◎
芝,キズナ,西村淳也,97,41.23711340206185,29.31527751287431,30.10801080108011,11.921835889187543,11.129102600981744,2.550390064839234,2.328800895378878,◎
芝,キズナ,鮫島克駿,179,36.87150837988827,29.27727184654137,26.381104883907124,7.594236533346899,10.490403495981143,2.1896022841581795,3.0509156528450725,◎
芝,キタサンブラック,北村友一,51,49.01960784313725,31.644981412639407,29.18951858622791,17.374626430497848,19.830089256909346,2.6279415109735864,3.049584969028004,◎
芝,キタサンブラック,横山武史,63,53.96825396825397,31.401869158878505,37.41496598639456,22.56638480937546,16.553287981859405,3.78297219201909,2.6779596985868155,◎
芝,キタサンブラック,菅原明良,30,10.0,32.351587666820066,26.0060579835569,-22.351587666820063,-16.0060579835569,-2.6055107272099414,-1.9907985431082658,×
芝,キングカメハメハ,大野拓弥,37,45.94594594594595,26.438492063492063,20.828789531079607,19.507453882453884,25.117156414866336,2.655096770323001,3.6928999249955194,◎
芝,コントレイル,坂井瑠星,37,51.35135135135135,27.621483375959077,32.386107352277854,23.72986797539227,18.965243999073493,3.0201001084479016,2.438891974823827,◎
芝,ゴールドシップ,和田竜二,94,31.914893617021278,21.793176408357578,22.96905222437137,10.1217172086637,8.945841392649905,2.338584249089696,2.0048472516642093,◎
芝,ゴールドシップ,浜中俊,40,50.0,21.747066492829205,28.891910265125766,28.252933507170795,21.108089734874234,4.288523385213378,2.8897407893061473,◎
芝,ゴールドシップ,Ｍ．デム,83,53.01204819277109,21.360759493670887,31.435349940688017,31.6512886991002,21.57669825208307,6.881706767536848,4.098989794173243,◎
芝,サトノクラウン,大野拓弥,30,36.666666666666664,15.672306322350845,21.07550244432374,20.99436034431582,15.591164222342927,3.078636682485118,2.0680574946115593,◎
芝,サートゥルナーリア,ルメール,48,72.91666666666666,27.56339581036384,57.23295230587308,45.35327085630282,15.683714360793587,6.6922896627847415,2.1777268002896504,◎
芝,シルバーステート,富田暁,41,41.46341463414634,24.71122112211221,15.900131406044679,16.75219351203413,25.563283228101664,2.4568552349677235,4.344168855103325,◎
芝,シルバーステート,戸崎圭太,34,61.76470588235294,24.475524475524477,39.36,37.28918140682846,22.404705882352943,4.987287880684606,2.6525601548771087,◎
芝,ジャスタウェイ,武豊,46,56.52173913043478,20.48888888888889,35.95825426944971,36.03285024154589,20.563484860985064,5.9179456105337644,2.867579515991828,◎
芝,スクリーンヒーロー,丹内祐次,201,34.82587064676617,24.735729386892178,26.074799021321216,10.090141259873993,8.751071625444956,3.112319119663606,2.7125067894703676,◎
芝,スクリーンヒーロー,Ｍ．デム,36,52.77777777777778,25.230918813806515,32.025389497980385,27.546858963971268,20.752388279797394,3.7494603156691024,2.6323439439291203,◎
芝,ダイワメジャー,丹内祐次,48,39.58333333333333,24.194510739856803,26.44326476443265,15.388822593476528,13.14006856890068,2.464403786177671,2.0428783788808444,◎
芝,ダイワメジャー,古川吉洋,50,44.0,24.119402985074625,16.37995512341062,19.880597014925375,27.62004487658938,3.2484088011650307,5.06072206047586,◎
芝,ダイワメジャー,酒井学,31,41.935483870967744,24.250519441970912,13.814756671899527,17.68496442899683,28.12072719906822,2.281757011360212,4.395763966763334,◎
芝,ダイワメジャー,鮫島克駿,64,12.5,24.640287769784173,27.439724454649827,-12.140287769784171,-14.939724454649827,-2.239576180898102,-2.6571590756091603,×
芝,ダノンバラード,津村明秀,45,44.44444444444444,18.734388009991672,25.61455260570305,25.710056434452767,18.829891838741393,4.2602955720945905,2.8476066662022212,◎
芝,ダノンバラード,黛弘人,51,35.294117647058826,18.99581589958159,10.727272727272727,16.298301747477236,24.5668449197861,2.867941807943258,5.313320354059513,◎
芝,ダノンレジェンド,杉原誠人,36,33.33333333333333,8.532423208191126,14.63035019455253,24.800910125142206,18.7029831387808,4.444862597399456,3.0877867638822094,◎
芝,ドゥラメンテ,藤岡佑介,75,45.33333333333333,28.77280265339967,30.70336391437309,16.56053067993366,14.629969418960243,3.1249261846629484,2.670635024962157,◎
芝,ドレフォン,松山弘平,50,46.0,21.266614542611414,32.44795405599425,24.733385457388586,13.552045944005748,4.128526278965308,2.024839971834406,◎
芝,ハーツクライ,古川吉洋,61,36.0655737704918,24.880174291938996,16.515837104072396,11.185399478552807,19.549736666419406,2.0035190003342485,3.9401702886227925,◎
芝,ハービンジャー,富田暁,49,4.081632653061225,23.08986064392119,16.974900924702773,-19.008227990859968,-12.893268271641551,-3.1496491373391393,-2.388992619421281,×
芝,ブラックタイド,菱田裕二,33,33.33333333333333,19.497863247863247,18.84139482564679,13.835470085470083,14.49193850768654,1.979491479202952,2.0982232460606376,◎
芝,ブリックスアンドモルタル,坂井瑠星,35,48.57142857142857,24.556213017751478,32.447048219918884,24.01521555367709,16.124380351509686,3.2324788900897383,2.0176513801606215,◎
芝,マツリダゴッホ,黛弘人,58,25.862068965517242,15.004840271055178,11.070448307410796,10.857228694462066,14.791620658106448,2.2184070812725403,3.400752490307956,◎
芝,ミッキーアイル,横山武史,37,56.75675675675676,24.287484510532835,37.537425149700596,32.469272246223916,19.219331607056155,4.508824905032879,2.39448400656825,◎
芝,ミッキーアイル,武豊,32,53.125,24.459542927733168,36.145146088595666,28.665457072266832,16.979853911404337,3.7076221923882082,1.9814638932374298,◎
芝,ミッキーアイル,浜中俊,34,52.94117647058824,24.42795299938157,28.90995260663507,28.51322347120666,24.031223863953166,3.7990846877758164,3.0393395374469008,◎
芝,モーリス,横山武史,98,48.97959183673469,25.964912280701753,37.380314055917275,23.01467955603294,11.599277780817419,5.099120279804048,2.324887778229078,◎
芝,モーリス,武藤雅,32,0.0,26.7258382642998,12.859712230215829,-26.7258382642998,-12.859712230215829,-3.4115059769210503,-2.168635624710764,×
芝,リアルスティール,坂井瑠星,31,51.61290322580645,27.297297297297295,32.43364822312191,24.315605928509154,19.179255002684542,2.990831958553256,2.2606468995486915,◎
芝,リオンディーズ,西村淳也,31,54.83870967741935,23.585726718885986,30.244755244755243,31.25298295853336,24.593954432664106,4.047059052011808,2.952239181037475,◎
芝,ルーラーシップ,和田竜二,78,35.8974358974359,23.410404624277454,22.888675623800385,12.487031273158442,13.008760273635515,2.5740844862591468,2.665955959385152,◎
芝,ルーラーシップ,田辺裕信,88,44.31818181818182,23.2174688057041,29.504232164449817,21.10071301247772,14.813949653732001,4.61499741211805,2.947885302300095,◎
芝,レイデオロ,ルメール,50,74.0,24.696048632218844,57.1992110453649,49.30395136778115,16.800788954635102,7.753519458657207,2.380001768706379,◎
芝,レイデオロ,武豊,30,56.666666666666664,25.823353293413177,36.11111111111111,30.84331337325349,20.555555555555554,3.785550907009128,2.3236549442666607,◎
芝,ロードカナロア,佐々木大,52,48.07692307692308,27.448411398624305,25.318877551020407,20.62851167829877,22.75804552590267,3.3127932723384155,3.6785997383363926,◎
芝,ロードカナロア,和田竜二,113,13.274336283185843,27.890818858560795,23.914104441190826,-14.616482575374953,-10.639768158004983,-3.4429174983170356,-2.6023353860052696,×
芝,ロードカナロア,横山和生,162,38.2716049382716,27.334889926617745,27.299016772700984,10.936715011653858,10.972588165570619,3.0720026304624874,2.9665337600673474,◎
芝,ロードカナロア,西村淳也,142,39.436619718309856,27.34375,29.99540652273771,12.092869718309856,9.441213195572146,3.1854722673321736,2.3660041940369267,◎
