﻿レベル,場所,表面,条件値,騎手,件数,複勝率,人気補正期待複勝率,差pt,z,判定
距離,札幌,ダート,1700,横山和生,136,41.911764705882355,34.28810580836108,7.623658897521274,2.0036940868311413,◎
距離,札幌,ダート,1700,丹内祐次,235,33.61702127659574,26.54953031815487,7.067490958440875,2.656639227518392,◎
距離,札幌,ダート,1700,吉田隼人,121,20.66115702479339,30.59765957528523,-9.936502550491841,-2.4828668522475237,×
距離,函館,ダート,1700,吉田隼人,103,36.89320388349515,27.7874317906237,9.105772092871444,2.244644603095182,◎
距離,函館,芝,1800,丹内祐次,120,39.166666666666664,29.040140706169637,10.126525960497029,2.6442515381657583,◎
距離,函館,芝,1200,古川吉洋,114,9.649122807017543,17.489931787067032,-7.8408089800494905,-2.386625870626709,×
距離,函館,芝,1200,黛弘人,109,19.26605504587156,13.173510994611911,6.092544051259649,1.995612203159224,◎
距離,福島,芝,1200,杉原誠人,123,24.390243902439025,16.249398700678984,8.140845201760039,2.6533480977049577,◎
距離,福島,ダート,1700,丹内祐次,133,25.563909774436087,33.605828829734655,-8.04191905529857,-2.1598266397010644,×
距離,新潟,ダート,1800,丹内祐次,176,35.22727272727273,28.8152278049819,6.412044922290827,2.0411827270831937,◎
距離,東京,ダート,1400,ルメール,214,46.26168224299065,52.72874655384668,-6.4670643108560295,-2.0138548799312668,×
距離,東京,芝,1600,野中悠太,122,10.655737704918032,5.350191042490886,5.305546662427147,2.9597883222992762,◎
距離,東京,芝,1600,ルメール,303,63.6963696369637,47.39540524796017,16.300964389003532,5.877430747880717,◎
距離,東京,芝,2000,ルメール,168,69.64285714285714,55.070177640271766,14.572679502585373,3.880430772005111,◎
距離,東京,芝,1600,田辺裕信,198,34.34343434343434,22.62575613884032,11.717678204594023,4.3632734620131375,◎
距離,東京,芝,1800,戸崎圭太,214,44.85981308411215,38.0696355995204,6.790177484591747,2.195882300470957,◎
距離,中山,ダート,1800,三浦皇成,356,34.26966292134831,39.3585933115654,-5.088930390217083,-2.1383481661065566,×
距離,中山,ダート,1800,津村明秀,349,22.063037249283667,27.370997799216358,-5.307960549932689,-2.5032086495318233,×
距離,中山,ダート,1800,丹内祐次,413,18.159806295399516,26.012913965555594,-7.853107670156079,-4.089434389396272,×
距離,中山,芝,1200,津村明秀,107,12.149532710280374,19.935806664778628,-7.786273954498253,-2.1042665432855676,×
距離,中山,ダート,1200,丹内祐次,312,21.153846153846153,13.838321177030855,7.315524976815299,4.236472805456171,◎
距離,中山,芝,1600,丹内祐次,177,9.6045197740113,15.234261501210652,-5.629741727199352,-2.283491545550399,×
距離,中山,芝,1600,田辺裕信,193,24.870466321243523,34.5682823644612,-9.697816043217678,-3.105672891277022,×
距離,中山,芝,1600,松岡正海,106,25.471698113207548,17.108704974271014,8.362993138936533,2.7433617443775518,◎
距離,中山,芝,1600,丸田恭介,103,14.563106796116504,6.2644475265834485,8.298659269533056,3.9176485768010503,◎
距離,中山,芝,1600,吉田豊,145,13.10344827586207,19.80358773637558,-6.70013946051351,-2.3712737463191202,×
距離,中山,芝,1600,ルメール,163,46.62576687116564,59.845886383800384,-13.220119512634742,-3.566998558974672,×
距離,中山,芝,1600,三浦皇成,190,31.57894736842105,25.62724483771028,5.951702530710773,2.046080488123728,◎
距離,中山,芝,1200,戸崎圭太,116,32.758620689655174,43.573667711598745,-10.815047021943574,-2.6458106577597476,×
距離,中京,ダート,1400,岩田望来,161,34.78260869565217,25.372972999103677,9.409635696548497,3.029603855686964,◎
距離,中京,芝,1600,岩田望来,116,48.275862068965516,37.48391174875074,10.791950320214777,2.5659998665724384,◎
距離,中京,芝,2000,幸英明,153,27.450980392156865,18.294527437039882,9.156452955116984,3.151618346762852,◎
距離,京都,ダート,1800,幸英明,283,30.03533568904594,24.989653173568396,5.045682515477543,2.1795747741741844,◎
距離,京都,ダート,1200,坂井瑠星,104,25.961538461538463,36.22823255176196,-10.266694090223499,-2.4145970787294577,×
距離,阪神,ダート,1200,和田竜二,200,25.0,19.69364075345199,5.306359246548009,2.0363226688785048,◎
距離,阪神,芝,2000,幸英明,139,11.510791366906476,20.492808469620655,-8.98201710271418,-2.7941053336872597,×
距離,阪神,芝,1600,北村友一,109,29.357798165137616,21.04290339989207,8.314894765245548,2.2883828369240926,◎
距離,阪神,ダート,1400,北村友一,110,33.63636363636363,25.810593305463346,7.825770330900289,2.0660425501323774,◎
距離,阪神,ダート,1800,高倉稜,110,19.090909090909093,12.960258334730701,6.13065075617839,2.1100974392855036,◎
距離,阪神,ダート,1400,岩田望来,267,25.468164794007492,30.61324156783092,-5.145076773823426,-2.1100433133267207,×
距離,阪神,ダート,1800,岩田望来,384,40.625,34.756627225939624,5.868372774060377,2.631884421648673,◎
距離,阪神,芝,1600,鮫島克駿,132,25.0,17.06528517736742,7.934714822632577,2.7432151103501727,◎
距離,阪神,芝,1600,酒井学,110,16.363636363636363,7.851006435912096,8.512629927724268,3.691867183821879,◎
距離,小倉,ダート,1700,丹内祐次,189,21.164021164021165,27.784006124026806,-6.619984960005643,-2.2513319110500993,×
距離,小倉,ダート,1700,斎藤新,163,17.791411042944784,24.758155047471632,-6.9667440045268485,-2.236948730462781,×
距離,小倉,芝,1200,泉谷楓真,124,20.161290322580644,13.648093529136759,6.513196793443885,2.34834981684214,◎
距離,小倉,芝,1200,国分恭介,105,13.333333333333334,20.346665745601918,-7.013332412268583,-2.1427471718094386,×
距離,小倉,芝,1800,松山弘平,101,37.62376237623762,47.432273176628726,-9.808510800391101,-2.187972956602236,×
距離,小倉,ダート,1700,富田暁,171,21.052631578947366,16.047486348238227,5.00514523070914,1.9919898350683587,◎
距離,新潟,ダート,1800,永島まな,118,21.1864406779661,12.803410285555955,8.383030392410145,3.0142037662725865,◎
距離,中京,ダート,1800,永島まな,152,13.157894736842104,18.23096672262269,-5.073071985780587,-1.9795439025539294,×
距離,小倉,ダート,1700,角田大和,146,22.602739726027394,17.28408335082774,5.318656375199657,1.999082068445752,◎
距離,中山,ダート,1200,佐々木大,185,18.37837837837838,28.95035145035145,-10.571973071973073,-3.826120425407709,×
距離,阪神,ダート,1800,今村聖奈,103,11.650485436893204,23.457032351183425,-11.806546914290223,-3.1028779091093814,×
距離,阪神,ダート,1400,角田大河,106,19.81132075471698,11.537088653833935,8.274232100883047,2.862120412668243,◎
距離,札幌,ダート,1700,佐々木大,103,16.50485436893204,27.998236916771113,-11.493382547839074,-2.764147667602415,×
距離,函館,芝,1200,佐々木大,132,36.36363636363637,28.75455957392609,7.609076789710273,2.0547389571912063,◎
距離,京都,ダート,1400,田口貫太,194,13.402061855670103,22.183597897821205,-8.781536042151103,-3.5455235582840734,×
距離,京都,芝,1600,田口貫太,131,24.427480916030532,16.32240682532555,8.105074090704983,2.739386093256955,◎
距離,阪神,ダート,1400,田口貫太,140,25.71428571428571,15.339651742405616,10.374633971880096,3.9346622620508263,◎
距離,京都,ダート,1800,高杉吏麒,124,31.451612903225808,22.163830792863052,9.287782110362755,2.570656661061843,◎
距離区分,札幌,ダート,中距離,丹内祐次,235,33.61702127659574,27.322206078528254,6.2948151980674885,2.367252807730044,◎
距離区分,札幌,ダート,中距離,吉田隼人,121,20.66115702479339,29.96374836730535,-9.30259134251196,-2.390914392610317,×
距離区分,札幌,芝,中距離,武豊,123,32.52032520325203,40.48895557665341,-7.968630373401381,-2.0135299211089794,×
距離区分,函館,芝,中距離,丹内祐次,205,34.63414634146341,28.85279271325036,5.781353628213054,1.9871476805089832,◎
距離区分,函館,芝,中距離,藤岡佑介,108,24.074074074074073,32.63244030341526,-8.558366229341189,-2.087571726492737,×
距離区分,函館,芝,短距離,古川吉洋,115,9.565217391304348,17.557971014492757,-7.992753623188409,-2.469101434631843,×
距離区分,福島,芝,中距離,丹内祐次,137,25.547445255474454,35.60198957853284,-10.054544323058384,-2.7851073670864976,×
距離区分,福島,芝,中距離,石橋脩,115,19.130434782608695,26.617784902510422,-7.487350119901725,-2.0458719827801457,×
距離区分,新潟,芝,中距離,荻野極,107,33.64485981308411,26.095485409076126,7.5493744040079855,2.0690477368537787,◎
距離区分,新潟,芝,中距離,菊沢一樹,152,16.447368421052634,10.134169661016195,6.313198760036438,2.715084072644639,◎
距離区分,新潟,芝,短距離,秋山稔樹,100,7.000000000000001,13.696432065409835,-6.6964320654098355,-2.07379228502482,×
距離区分,新潟,芝,短距離,丸田恭介,110,12.727272727272727,19.753045009715567,-7.025772282442841,-2.1072880991272105,×
距離区分,新潟,芝,短距離,原優介,125,13.600000000000001,8.38931430989662,5.210685690103382,2.334494125821147,◎
距離区分,新潟,芝,短距離,津村明秀,130,33.84615384615385,22.834888080643392,11.011265765510455,3.2264414502440495,◎
距離区分,東京,ダート,短距離,田辺裕信,328,23.170731707317074,29.307305835394587,-6.136574128077513,-2.6477217112295133,×
距離区分,東京,芝,マイル,ルメール,303,63.6963696369637,48.02214660227103,15.674223034692675,5.624164614852029,◎
距離区分,東京,芝,短距離,ルメール,195,58.97435897435898,51.58776481658296,7.386594157776017,2.163693126056368,◎
距離区分,東京,芝,中距離,石橋脩,188,25.0,19.467371563131607,5.532628436868392,2.0409061996074502,◎
距離区分,東京,芝,中距離,ルメール,403,66.99751861042184,57.479029906692006,9.518488703729833,3.9864951767298997,◎
距離区分,東京,芝,中距離,吉田豊,198,18.181818181818183,12.873522690894902,5.308295490923282,2.4798528611524073,◎
距離区分,東京,芝,マイル,田辺裕信,198,34.34343434343434,22.993927649868976,11.349506693565367,4.178025926988363,◎
距離区分,東京,芝,中距離,松山弘平,122,33.60655737704918,25.88819247529931,7.718364901749869,2.1043873142806784,◎
距離区分,東京,芝,中距離,戸崎圭太,360,43.888888888888886,38.72343880125947,5.16545008762942,2.135067308184096,◎
距離区分,東京,芝,中距離,丸田恭介,103,3.8834951456310676,13.691511909265028,-9.80801676363396,-3.229738686951812,×
距離区分,中山,芝,短距離,津村明秀,107,12.149532710280374,24.827577871109593,-12.678045160829221,-3.2926492588224194,×
距離区分,中山,ダート,短距離,柴田大知,223,12.556053811659194,7.016680520831563,5.53937329082763,3.4338619202322236,◎
距離区分,中山,芝,マイル,丹内祐次,177,9.6045197740113,15.675488117465322,-6.070968343454022,-2.467699564758916,×
距離区分,中山,芝,マイル,田辺裕信,193,24.870466321243523,34.8575832989865,-9.987116977742971,-3.179866984724227,×
距離区分,中山,芝,マイル,吉田豊,145,13.10344827586207,19.80358773637558,-6.70013946051351,-2.3712737463191202,×
距離区分,中山,芝,中距離,ルメール,224,55.80357142857143,63.18984368169546,-7.386272253124027,-2.403119579831466,×
距離区分,中山,芝,マイル,ルメール,163,46.62576687116564,59.19824711510632,-12.572480243940676,-3.3728300567316354,×
距離区分,中山,芝,マイル,三浦皇成,190,31.57894736842105,25.57311425809669,6.00583311032436,2.0670326537062405,◎
距離区分,中山,芝,短距離,戸崎圭太,116,32.758620689655174,43.095644008169955,-10.337023318514788,-2.4159606271695986,×
距離区分,中京,ダート,短距離,西村淳也,223,29.596412556053814,23.11938163937746,6.477030916676354,2.4390717997215297,◎
距離区分,中京,芝,マイル,岩田望来,116,48.275862068965516,37.9641012357863,10.311760833179218,2.442311045632804,◎
距離区分,中京,ダート,短距離,福永祐一,118,50.847457627118644,42.49956130290735,8.347896324211291,1.9646940912707516,◎
距離区分,中京,芝,中距離,幸英明,153,27.450980392156865,19.061783758629964,8.389196633526902,2.831823167365608,◎
距離区分,中京,ダート,中距離,小崎綾也,105,14.285714285714285,21.208104982853907,-6.922390697139622,-2.0917583158068394,×
距離区分,京都,芝,中距離,幸英明,171,22.807017543859647,16.729463372860213,6.077554170999436,2.2858359958267895,◎
距離区分,京都,芝,短距離,松若風馬,121,11.570247933884298,19.117040606931894,-7.5467926730475945,-2.281588062079738,×
距離区分,阪神,ダート,短距離,古川吉洋,197,18.274111675126903,12.82494791519779,5.449163759929113,2.5819786064978634,◎
距離区分,阪神,芝,長距離,幸英明,108,22.22222222222222,15.47361387941098,6.748608342811241,2.044434322889287,◎
距離区分,阪神,ダート,短距離,川田将雅,198,62.121212121212125,55.42382752011318,6.6973846010989435,1.9642300218270203,◎
距離区分,阪神,芝,中距離,岩田康誠,113,42.47787610619469,25.805007574024984,16.672868532169705,4.292415167240145,◎
距離区分,阪神,芝,中距離,幸英明,256,15.234375,20.432984046004478,-5.198609046004476,-2.181617546669159,×
距離区分,阪神,芝,中距離,福永祐一,135,45.18518518518518,55.48767194349432,-10.302486758309136,-2.7025467115937505,×
距離区分,阪神,芝,中距離,坂井瑠星,209,40.66985645933015,33.89005761812921,6.779798841200934,2.308616494358054,◎
距離区分,阪神,芝,短距離,和田竜二,208,24.03846153846154,18.829829497932945,5.2086320405285935,2.0054264948051177,◎
距離区分,阪神,ダート,中距離,高倉稜,121,19.00826446280992,11.967876820149549,7.04038764266037,2.60957744128292,◎
距離区分,阪神,ダート,短距離,泉谷楓真,158,11.39240506329114,16.670415269746943,-5.2780102064558045,-2.047135371642809,×
距離区分,阪神,ダート,短距離,吉田隼人,151,29.13907284768212,20.363533890562092,8.775538957120027,2.9211543932860797,◎
距離区分,阪神,ダート,短距離,北村友一,174,34.48275862068966,26.798008339977397,7.68475028071226,2.5487677921234067,◎
距離区分,阪神,芝,中距離,池添謙一,142,38.732394366197184,31.46505383646692,7.26734052973026,2.0712363694748426,◎
距離区分,阪神,芝,マイル,北村友一,109,29.357798165137616,21.990820917810623,7.366977247326995,1.9863718534185033,◎
距離区分,阪神,ダート,中距離,岩田望来,457,40.48140043763676,33.08631041061017,7.395090027026596,3.646915867464663,◎
距離区分,阪神,ダート,中距離,吉田隼人,130,37.69230769230769,29.64796168761193,8.044346004695763,2.200842823630679,◎
距離区分,阪神,芝,短距離,団野大成,144,31.944444444444443,24.80782117432393,7.136623270120513,2.1121077848416405,◎
距離区分,阪神,芝,マイル,鮫島克駿,132,25.0,16.669708875015992,8.330291124984008,2.79941989133797,◎
距離区分,阪神,芝,マイル,酒井学,110,16.363636363636363,7.671186256091915,8.692450107544449,3.8024343387261466,◎
距離区分,小倉,芝,中距離,川田将雅,110,60.0,68.55619270243616,-8.55619270243617,-1.9738570284391415,×
距離区分,小倉,芝,中距離,西村淳也,260,38.84615384615385,33.41842084099845,5.427733005155394,2.0146280448406975,◎
距離区分,小倉,ダート,中距離,丹内祐次,189,21.164021164021165,26.885382840272857,-5.721361676251696,-1.9684023927747356,×
距離区分,小倉,芝,短距離,泉谷楓真,124,20.161290322580644,12.844105437541096,7.3171848850395484,2.7522370793831494,◎
距離区分,小倉,芝,長距離,森一馬,109,44.03669724770643,34.209242522235364,9.827454725471064,2.3765360116248084,◎
距離区分,新潟,ダート,中距離,横山琉人,104,21.153846153846153,14.316740155414031,6.837105998432122,2.174159400770864,◎
距離区分,東京,芝,中距離,永野猛蔵,135,8.88888888888889,14.870255116705813,-5.981366227816924,-2.1254831241490972,×
距離区分,中京,ダート,中距離,永島まな,185,11.891891891891893,18.32253227383209,-6.4306403819401945,-2.5672052446394593,×
距離区分,阪神,ダート,短距離,小沢大仁,166,7.83132530120482,13.611263147156508,-5.779937845951688,-2.348098152279419,×
距離区分,小倉,芝,短距離,秋山稔樹,143,18.88111888111888,13.162846066273229,5.718272814845651,2.161916608664305,◎
距離区分,小倉,芝,短距離,角田大和,144,11.11111111111111,17.05947967134054,-5.94836856022943,-2.1038949697031843,×
距離区分,小倉,芝,中距離,角田大和,128,13.28125,21.537283029470526,-8.256033029470528,-2.5110001455310766,×
距離区分,小倉,ダート,中距離,永島まな,146,17.80821917808219,12.392090418453291,5.416128759628899,2.2527762015863693,◎
距離区分,小倉,芝,中距離,松本大輝,101,16.831683168316832,10.327261760299802,6.5044214080170315,2.3162310201824376,◎
距離区分,小倉,ダート,中距離,松本大輝,108,19.444444444444446,13.065979903315647,6.378464541128798,2.2328104983905583,◎
距離区分,阪神,ダート,中距離,今村聖奈,118,15.254237288135593,23.240680196761332,-7.986442908625738,-2.2469101587267666,×
距離区分,阪神,ダート,短距離,今村聖奈,170,11.176470588235295,16.38805998379272,-5.211589395557424,-2.0415664226501105,×
距離区分,小倉,芝,中距離,今村聖奈,106,28.30188679245283,20.068101903723708,8.233784888729122,2.2976025708032233,◎
距離区分,札幌,ダート,中距離,佐々木大,103,16.50485436893204,24.61696046473278,-8.112106095800742,-2.053378319052825,×
距離区分,函館,芝,短距離,佐々木大,136,36.76470588235294,28.357087264735643,8.407618617617302,2.307649461940445,◎
距離区分,阪神,ダート,短距離,吉村誠之,156,12.82051282051282,19.630234205262198,-6.809721384749379,-2.3161818277878967,×
